AGE_BUCKET,READMITTED_30
<65,15.493496557000766
65-69,14.116812485221091
70-74,14.288980338363055
75-79,14.932327490570223
80-84,15.209580838323353
85+,15.99845797995374
