Subgroup,AUC
Age: 85+,0.6244281687537545
Race: Black,0.636176282051282
Age: 80-84,0.636904206842102
Race: Other,0.6395975855130783
Sex: Male,0.6543003257400545
Age: <65,0.6575136737954769
Sex: Female,0.657552399600696
Race: White,0.657681000703511
Age: 65-69,0.6612746123473576
Age: 70-74,0.6638355977939262
Age: 75-79,0.6908175525662791
Race: Hispanic,0.7386255924170615
